高原 聡,たかはら さとし,Male,22,1995/3/2,福島県,083-577-6006,00250bdb-f9c3-479e-ba68-7b606498fc06
井村 淳子,いむら あつこ,Female,49,1968/8/3,新潟県,020- 79-2854,002bd1ed-48f9-4ff7-916e-3bab615b37b7
谷川 宏行,たにかわ ひろゆき,Male,93,1924/11/25,兵庫県,099-252- 515,006314bc-f9a7-40fa-94c3-b64d71ba4126
美輪 まさし,みわ まさし,Male,10,2007/8/24,兵庫県,049-340- 714,00796818-bd82-4e26-8669-45e2af8c036e
恩田 礼子,おんだ れいこ,Female,13,2004/6/8,千葉県,038-957- 712,007dfa14-4734-4434-9210-7d43538501cc
西原 未來,にしはら みらい,Female,16,2001/7/10,茨城県,022-967-6489,00a85e89-f349-4305-ba62-7d194b8e4c17
板倉 崇史,いたくら たかし,Male,62,1955/9/30,愛知県,085-499-4553,00c42534-4fc7-4de0-a4dc-6922a7ecda04
石崎 恵望子,いしざき えみこ,Female,100,1917/4/18,神奈川県,024-289-5558,00c7b748-0bca-4f41-892e-5c03ff673d7d
織田 研二,おだ けんじ,Male,45,1972/6/14,神奈川県,064-506-9151,00d2fb25-63ee-4a0b-9884-83df1f1bad53
高嶋 悟志,たかしま さとし,Male,88,1929/10/29,東京都,091-  3-6329,00d70124-0200-44e8-86e4-766a575fde7e
奥山 大五郎,おくやま だいごろう,Male,87,1930/4/23,福岡県,093-657-8526,00fa6812-9434-4455-9c7b-a956e1a17317
大森 美月,おおもり みづき,Female,60,1957/4/19,秋田県,060-222-3206,010252c3-1661-4bf2-ba24-7201b00e05c2
蛍原 耕司,ほとはら こうじ,Male,40,1978/1/11,石川県,037-533-2883,01071eb8-b3ec-48e6-9371-7ebff1d87b56
古沢 蒼甫,ふるさわ そうすけ,Male,19,1998/7/26,兵庫県,046-968-5828,010cfb49-1b15-4723-b2f4-ec8ae4268843
秋葉 惇,あきば あつし,Male,1,2016/4/6,茨城県,010-424-6547,012f86b6-ea22-4e5a-9c16-99e5d6792ea1
前原 早織,まえはら さおり,Female,56,1961/11/22,大阪府,061-280-5592,0147d27e-228a-48c8-802f-3d40f7fb7b09
依田 陽子,よりた ようこ,Female,36,1982/1/14,宮城県,057-938-9141,01523c21-cc48-4044-88f1-47fef259aa14
諏訪 博明,すわ ひろあき,Male,71,1946/2/2,茨城県,019-298-7116,01741e26-11e7-4851-907c-96456558f4a6
石黒 翔子,いしぐろ しょうこ,Female,41,1976/9/1,岡山県,098-284- 647,0174239e-3bd5-4386-a0a8-65c10362dad4
上野 彩,うえの あや,Female,16,2001/11/13,岐阜県,043-210-3733,01763608-cca8-43d9-88ad-6342563c46ee
寺本 華子,てらもと はなこ,Female,8,2009/6/30,神奈川県,059-716-6876,01833e92-3df2-4620-b00a-ab95e9d4a562
益田 涼,ますだ りょう,Female,90,1927/5/7,香川県,038-992-7722,019628cd-45af-4930-8413-476c6f633c99
杉野 千夏,すぎの ちなつ,Female,1,2016/11/16,岩手県,044-690-3027,019cd6bb-ebb7-49d7-8def-c15f86309034
須田 六郎,すだ ろくろう,Male,66,1952/1/19,山形県,092-256-4150,01b13cb6-c8b0-466d-b9f7-6d5802a46b82
清水 まひる,しみず まひる,Female,73,1944/6/19,栃木県,018-779-2009,01d3e4bc-1cc4-4f37-8f54-a08c75ed0415
杉下 淳子,すぎした あつこ,Female,42,1975/5/17,福岡県,087-559-1338,01d873ef-d9bb-401b-b0ec-dc91ffd81c34
城田 涼,しろた りょう,Female,40,1978/1/7,大阪府,032-312-3288,01e4e665-f83d-464b-a695-51cbdbf394bc
木田 染五郎,きだ そめごろう,Male,77,1940/11/22,兵庫県,012-521-6507,0221f5d4-db60-4eec-8168-f55a7da382dc
菅原 恵子,すがわら けいこ,Female,89,1928/11/15,神奈川県,099-893-1170,0248bb47-1238-4963-99eb-f586b3ba561f
菊田 コウ,きくた こう,Female,31,1987/1/3,神奈川県,044-352-5646,024bc1fc-f3c4-4975-92d3-79e32b311910
滝 慶二,たき けいじ,Male,83,1934/10/31,東京都,026-697-7469,025f93e5-ea12-4b7c-a957-550dcf25a23d
岩城 ヒロ,いわき ひろ,Male,62,1955/4/25,東京都,065-834-6464,026550e7-684f-47b0-992b-5b5541acca7e
菊池 明慶,きくち あきよし,Male,14,2003/5/5,岩手県,015-300-8082,027ff5e5-f305-45c1-a59d-f550ba3fdcdf
梅田 ひろ子,うめだ ひろこ,Female,98,1919/9/11,東京都,087-707- 124,028e4d80-9787-46bf-9805-f567c0887518
永山 朝香,ながやま あさか,Female,75,1942/5/2,山梨県,038-396-1367,0296cb40-9021-4e49-bf4b-eac6a4950fca
村山 小百合,むらやま さゆり,Female,12,2005/5/30,青森県,031-213-4770,02b18cc9-6cbd-4341-bdab-8039fe77c5ff
小柳 敏也,こやなぎ としや,Male,100,1917/8/11,兵庫県,071-429-5621,02b6b0ab-555d-4a21-8165-191973fafda8
橋本 玲那,はしもと れな,Female,65,1952/6/22,京都府,080-627-3304,02cf402e-7050-42d1-ab11-3cd56dad57af
深沢 徹,ふかざわ とおる,Male,7,2010/5/29,神奈川県,057-783-5300,02d24ebc-d347-4aaa-b42c-737e3f9b9c79
古川 広之,ふるかわ ひろゆき,Male,16,2001/3/9,山口県,018-900-2100,02efbb90-1b4a-4683-9d64-7da5f42bff95
西村 なぎさ,にしむら なぎさ,Female,53,1964/3/5,福島県,010-882-9614,02f9caa9-6dc1-4e27-bd80-2f018366403a
山岸 路子,やまぎし みちこ,Female,73,1944/6/28,富山県,086-378-1942,02faa315-d49e-4a46-98f6-8ad7bb8cff87
水口 瑠璃亜,みずぐち るりあ,Female,21,1997/1/5,北海道,0  -515-1233,02fb681c-b95e-4a3f-aa9e-e65619633198
境 憲史,さかい のりひと,Male,19,1998/6/16,東京都,0 7-565-9248,03014035-a9e3-4896-8c84-c2bdad93ac1a
真鍋 恵子,まなべ けいこ,Female,77,1940/2/26,埼玉県,035-787-7441,0306a58c-c52a-4c80-baee-39fa8b3c2ced
塩沢 惇,しおざわ じゅん,Male,19,1998/5/2,大阪府,089-292-4242,03087a55-4ec3-4850-a33d-b19fd0a58125
河村 隆之介,かわむら りゅうのすけ,Male,20,1997/5/22,東京都,097-847-6027,030e38eb-ab4c-4cbd-a056-4191f47c2301
川上 はるみ,かわかみ はるみ,Female,74,1943/4/19,東京都,082-690-3934,0316b9ff-cac9-496f-8a70-8834fa5924a7
黒岩 淳,くろいわ あつし,Male,42,1975/8/27,岩手県,057-489-5627,03391e86-5085-4b99-89ff-79209f8d1f20
宇佐美 悟志,うさみ さとし,Male,0,2017/2/21,群馬県,010-202-5406,03658c86-2bf0-497a-a535-00cb344edf02
